name,email,password
empleado420,empleado420@ejemplo.com,123456
empleado421,empleado421@ejemplo.com,123456
empleado422,empleado422@ejemplo.com,123456
empleado423,empleado423@ejemplo.com,123456
empleado424,empleado424@ejemplo.com,123456
empleado425,empleado425@ejemplo.com,123456
empleado426,empleado426@ejemplo.com,123456
empleado427,empleado427@ejemplo.com,123456
empleado428,empleado428@ejemplo.com,123456
empleado429,empleado429@ejemplo.com,123456
empleado430,empleado430@ejemplo.com,123456
empleado431,empleado431@ejemplo.com,123456
empleado432,empleado432@ejemplo.com,123456
empleado433,empleado433@ejemplo.com,123456
empleado434,empleado434@ejemplo.com,123456
empleado435,empleado435@ejemplo.com,123456
empleado436,empleado436@ejemplo.com,123456
empleado437,empleado437@ejemplo.com,123456
empleado438,empleado438@ejemplo.com,123456
empleado439,empleado439@ejemplo.com,123456
empleado440,empleado440@ejemplo.com,123456
empleado441,empleado441@ejemplo.com,123456
empleado442,empleado442@ejemplo.com,123456
empleado443,empleado443@ejemplo.com,123456
empleado444,empleado444@ejemplo.com,123456
empleado445,empleado445@ejemplo.com,123456
empleado446,empleado446@ejemplo.com,123456
empleado447,empleado447@ejemplo.com,123456
empleado448,empleado448@ejemplo.com,123456
empleado449,empleado449@ejemplo.com,123456
empleado450,empleado450@ejemplo.com,123456
empleado451,empleado451@ejemplo.com,123456
empleado452,empleado452@ejemplo.com,123456
empleado453,empleado453@ejemplo.com,123456
empleado454,empleado454@ejemplo.com,123456
empleado455,empleado455@ejemplo.com,123456
empleado456,empleado456@ejemplo.com,123456
empleado457,empleado457@ejemplo.com,123456
empleado458,empleado458@ejemplo.com,123456
empleado459,empleado459@ejemplo.com,123456
empleado460,empleado460@ejemplo.com,123456
empleado461,empleado461@ejemplo.com,123456
empleado462,empleado462@ejemplo.com,123456
empleado463,empleado463@ejemplo.com,123456
empleado464,empleado464@ejemplo.com,123456
empleado465,empleado465@ejemplo.com,123456
empleado466,empleado466@ejemplo.com,123456
empleado467,empleado467@ejemplo.com,123456
empleado468,empleado468@ejemplo.com,123456
empleado469,empleado469@ejemplo.com,123456
empleado470,empleado470@ejemplo.com,123456
empleado471,empleado471@ejemplo.com,123456
empleado472,empleado472@ejemplo.com,123456
empleado473,empleado473@ejemplo.com,123456
empleado474,empleado474@ejemplo.com,123456
empleado475,empleado475@ejemplo.com,123456
empleado476,empleado476@ejemplo.com,123456
empleado477,empleado477@ejemplo.com,123456
empleado478,empleado478@ejemplo.com,123456
empleado479,empleado479@ejemplo.com,123456
empleado480,empleado480@ejemplo.com,123456
empleado481,empleado481@ejemplo.com,123456
empleado482,empleado482@ejemplo.com,123456
empleado483,empleado483@ejemplo.com,123456
empleado484,empleado484@ejemplo.com,123456
empleado485,empleado485@ejemplo.com,123456
empleado486,empleado486@ejemplo.com,123456
empleado487,empleado487@ejemplo.com,123456
empleado488,empleado488@ejemplo.com,123456
empleado489,empleado489@ejemplo.com,123456
empleado490,empleado490@ejemplo.com,123456
empleado491,empleado491@ejemplo.com,123456
empleado492,empleado492@ejemplo.com,123456
empleado493,empleado493@ejemplo.com,123456
empleado494,empleado494@ejemplo.com,123456
empleado495,empleado495@ejemplo.com,123456
empleado496,empleado496@ejemplo.com,123456
empleado497,empleado497@ejemplo.com,123456
empleado498,empleado498@ejemplo.com,123456
empleado499,empleado499@ejemplo.com,123456
empleado500,empleado500@ejemplo.com,123456
empleado501,empleado501@ejemplo.com,123456
empleado502,empleado502@ejemplo.com,123456
empleado503,empleado503@ejemplo.com,123456
empleado504,empleado504@ejemplo.com,123456
empleado505,empleado505@ejemplo.com,123456
empleado506,empleado506@ejemplo.com,123456
empleado507,empleado507@ejemplo.com,123456
empleado508,empleado508@ejemplo.com,123456
empleado509,empleado509@ejemplo.com,123456
empleado510,empleado510@ejemplo.com,123456
empleado511,empleado511@ejemplo.com,123456
empleado512,empleado512@ejemplo.com,123456
empleado513,empleado513@ejemplo.com,123456
empleado514,empleado514@ejemplo.com,123456
empleado515,empleado515@ejemplo.com,123456
empleado516,empleado516@ejemplo.com,123456
empleado517,empleado517@ejemplo.com,123456
empleado518,empleado518@ejemplo.com,123456